[

      {
        "id": "af4e8397-a6c7-4d63-8769-8cddee97e960",
        "superDepartment": "Fresh Food",
        "contentsMeasureType": "L",
        "name": "British Whole Milk 3.408L, 6 Pints",
        "unitsOfSale": 1,
        "description": ["Pasteurised standardised homogenised whole milk.", "From British Farms. Supporting our trusted dairy farmers Fair For Farmers Guarantee: We Promise every farmer is paid fairly for every pint of milk, every pint is 100% British and every cow is well cared for For more information go to www.tescoplc.com/little helps plan/"],
        "averageSellingUnitWeight": 2.083,
        "unitQuantity": "LITRE",
        "contentsQuantity": 3.408,
        "department": "Milk, Butter & Eggs",
        "price": 1.5,
        "unitPrice": 0.44
      },
      {
        "id": "4bd820e4-5ecc-4393-94c0-178b99f9edbb",
        "superDepartment": "Fresh Food",
        "contentsMeasureType": "G",
        "name": "Grated 30% Reduced Fat Mature Cheese 250G",
        "unitsOfSale": 1,
        "averageSellingUnitWeight": 0.256,
        "description": ["Medium fat hard mature cheese.", "Rich & Versatile Hand selected by our cheesemakers for taste"],
        "unitQuantity": "KG",
        "contentsQuantity": 250,
        "department": "Cheese",
        "price": 1.9,
        "unitPrice": 7.6
      },
      {
        "id": "e5809854-d401-46a7-97d7-a4b680e6837d",
        "superDepartment": "Fresh Food",
        "contentsMeasureType": "G",
        "name": "Lurpak Unsalted Block Butter 250G",
        "unitsOfSale": 1,
        "description": ["Unsalted Butter."],
        "averageSellingUnitWeight": 0.263,
        "unitQuantity": "KG",
        "contentsQuantity": 250,
        "department": "Milk, Butter & Eggs",
        "price": 2.0,
        "unitPrice": 8.0
      },
      {
        "id": "d2dbb3f2-28e4-41c0-be61-a8530d74fa6e",
        "superDepartment": "Fresh Food",
        "contentsMeasureType": "G",
        "name": "British Chicken Breast Portions 650G",
        "unitsOfSale": 1,
        "description": ["Fresh Class A skinless chicken breast fillet portions.", "From Trusted Farms Fed on a wholegrain diet for a succulent texture"],
        "averageSellingUnitWeight": 0.746,
        "unitQuantity": "KG",
        "contentsQuantity": 650,
        "department": "Fresh Meat & Poultry",
        "price": 3.8,
        "unitPrice": 5.85
      },
      {
        "id": "adf91ea8-5696-4040-9052-8439c4ed23b4",
        "superDepartment": "Fresh Food",
        "contentsMeasureType": "G",
        "name": "8 Pork Loin Steaks 1.08Kg",
        "unitsOfSale": 1,
        "averageSellingUnitWeight": 1.26,
        "description": ["Boneless pork loin steaks.", "From trusted farms. Working with selected farmers that we trust, to ensure high welfare standards and consistent quality."],
        "unitQuantity": "KG",
        "contentsQuantity": 1080,
        "department": "Fresh Meat & Poultry",
        "price": 5.0,
        "unitPrice": 4.63
      },
      {
        "id": "4b35123c-794d-416c-a1b3-c16a6a7afd53",
        "superDepartment": "Fresh Food",
        "contentsMeasureType": "G",
        "name": "Boswell Farms Beef Mince 500G 20% Fat",
        "unitsOfSale": 1,
        "description": ["Typical percentage fat content under 20% Typical percentage collagen/ meat protein ratio under 17% For UK Market Only", "BOSWELL FARMS BEEF MINCE 20% FAT"],
        "averageSellingUnitWeight": 0.591,
        "unitQuantity": "KG",
        "contentsQuantity": 500,
        "department": "Fresh Meat & Poultry",
        "price": 1.49,
        "unitPrice": 2.98
      },
      {
        "id": "f10a798c-5b6a-4b93-8c93-bbeaee696301",
        "superDepartment": "Fresh Food",
        "contentsMeasureType": "G",
        "name": "Sweet Vine Ripened Tomatoes 230G",
        "unitsOfSale": 1,
        "description": ["Sweet vine ripened tomatoes", "Sweet vine ripened tomatoes"],
        "averageSellingUnitWeight": 0.292,
        "unitQuantity": "KG",
        "contentsQuantity": 230,
        "department": "Fresh Salad & Dips",
        "price": 1.0,
        "unitPrice": 4.35
      },
      {
        "id": "5881be71-e955-4f16-9899-ac1b202df912",
        "superDepartment": "Fresh Food",
        "contentsMeasureType": "SNGL",
        "name": "Bunched Carrots Bag",
        "unitsOfSale": 1,
        "description": ["Crunchy and sweet, perfect for roasting", "Bunched in the field by hand ~ High in Vitamin A"],
        "averageSellingUnitWeight": 0.733,
        "unitQuantity": "EACH",
        "contentsQuantity": 1,
        "department": "Fresh Vegetables",
        "price": 1.5,
        "unitPrice": 1.5
      },
      {
        "id" : "f08ec330-d44f-4b25-86af-0f1d2e9f8eca",
        "superDepartment": "Fresh Food",
        "contentsMeasureType": "G",
        "name": "Broccoli Florets 240G",
        "unitsOfSale": 1,
        "averageSellingUnitWeight": 0.305,
        "description": ["Broccoli.", "Crunchy and full of flavour"],
        "unitQuantity": "KG",
        "contentsQuantity": 240,
        "department": "Fresh Vegetables",
        "price": 1.3,
        "unitPrice": 5.42
      },
      {
        "id": "bd732d10-94bd-4605-9c9d-136897a22d90",
        "superDepartment": "Fresh Food",
        "contentsMeasureType": "SNGL",
        "name": "Organic Small Bananas 6 Pack",
        "unitsOfSale": 1,
        "averageSellingUnitWeight": 0.891,
        "unitQuantity": "EACH",
        "contentsQuantity": 6,
        "description": ["Small Bananas", "Probably yellow"],
        "department": "Fresh Fruit",
        "price": 1.39,
        "unitPrice": 0.232
      },
      {
        "id": "b896b077-f017-4b0c-9a8b-568c2dc16a54",
        "superDepartment": "Fresh Food",
        "contentsMeasureType": "SNGL",
        "name": "Jaffa Red Oranges Minimum 5 Pack",
        "unitsOfSale": 1,
        "description": ["Oranges.", "Jaffa Reds/Pink"],
        "averageSellingUnitWeight": 0.933,
        "unitQuantity": "EACH",
        "contentsQuantity": 5,
        "department": "Fresh Fruit",
        "price": 2.25,
        "unitPrice": 0.45
      },
      {
        "id": "8211f5e1-d28b-4525-91f5-76e07d17b82f",
        "superDepartment": "Fresh Food",
        "contentsMeasureType": "KG",
        "name": "Red Seedless Grapes 500G",
        "unitsOfSale": 1,
        "averageSellingUnitWeight": 0.52,
        "description": ["Jack's Red Seedless Grapes", "Jack's Red Seedless Grapes"],
        "unitQuantity": "KG",
        "contentsQuantity": 0.5,
        "department": "Fresh Fruit",
        "price": 2.0,
        "unitPrice": 4.0
      },
      {
        "id": "9305d331-f7c8-45f3-a0dc-a444e6864602",
        "superDepartment": "Bakery",
        "contentsMeasureType": "SNGL",
        "name": "New York Bakery Plain Bagels 5 Pack",
        "unitsOfSale": 1,
        "averageSellingUnitWeight": 0.462,
        "description": ["5 Plain Bagels", "For all the latest news and recipe ideas join our Facebook community at www.facebook.com/newyorkbakery"],
        "unitQuantity": "EACH",
        "contentsQuantity": 5,
        "department": "Bread & Rolls",
        "price": 1.6,
        "unitPrice": 0.32
      },
      {
        "id": "75c81d25-3bae-470c-975f-73a9b2cfe853",
        "superDepartment": "Bakery",
        "contentsMeasureType": "G",
        "name": "Stay Fresh White Medium Bread 800G",
        "unitsOfSale": 1,
        "averageSellingUnitWeight": 121.367,
        "description": ["Medium sliced white bread.", "Baked to stay fresh for longer"],
        "unitQuantity": "100G",
        "contentsQuantity": 800,
        "department": "Bread & Rolls",
        "price": 0.7,
        "unitPrice": 0.088
      },
      {
        "id": "d2036958-7e7b-4135-b044-6bf04d028cd3",
        "superDepartment": "Bakery",
        "contentsMeasureType": "SNGL",
        "name": "Weetabix Apricot And Oat Breakfast Muffin 4 Pack",
        "unitsOfSale": 1,
        "description": ["4 Muffins with dried apricots, oats and poppy seeds and topped with wholegrain wheat flakes"],
        "averageSellingUnitWeight": 0.631,
        "unitQuantity": "EACH",
        "contentsQuantity": 4,
        "department": "Doughnuts, Cookies & Muffins",
        "price": 1.8,
        "unitPrice": 0.45
      },
      {
        "id": "d536042f-552d-4618-9ffe-33413378c1bd",
        "superDepartment": "Fresh Food",
        "contentsMeasureType": "G",
        "name": "Smoked Salmon 240G",
        "unitsOfSale": 1,
        "description": ["Smoked salmon (Salmo salar) slices, defrosted.", "READY TO EAT Smoked Salmon Slices. Gently smoked with oak and beechwood for a delicately mild flavour. Our Smoked Salmon is farmed in waters off the coast of Norway or Scotland. Cured to lock in succulence, then gently kiln smoked using smouldering oak for robustness and beechwood for a subtle sweetness. Finally it is left to mature to allow the flavour to develop before slicing."],
        "averageSellingUnitWeight": 0.247,
        "unitQuantity": "100G",
        "contentsQuantity": 240,
        "department": "Chilled Fish & Seafood",
        "price": 6.4,
        "unitPrice": 2.67
      },
      {
        "id": "91c779de-d660-4dda-ba86-8b8c53dd8725",
        "superDepartment": "Frozen Food",
        "contentsMeasureType": "KG",
        "name": "4 Breaded Cod Fillets 500G",
        "unitsOfSale": 1,
        "averageSellingUnitWeight": 0.546,
        "description": ["4 Skinless and boneless cod (Gadus morhua) fillets, formed from pieces of 100% Cod fillet coated in breadcrumbs.", "Formed from 100% cod fillet coated in crispy breadcrumbs"],
        "unitQuantity": "KG",
        "contentsQuantity": 0.5,
        "department": "Frozen Fish & Seafood",
        "price": 2.75,
        "unitPrice": 5.5
      },
      {
        "id": "aa5ba893-35c5-4590-8893-00a84256e325",
        "superDepartment": "Fresh Food",
        "contentsMeasureType": "G",
        "name": "Finest Cooked Jumbo King Prawns 150G",
        "unitsOfSale": 1,
        "description": ["Cooked and peeled king prawns (Litopenaeus vannamei), defrosted.", "Tesco finest* Jumbo King Prawns Juicy and plump warm water prawns. Gently cooked to enhance their naturally sweet flavour. Why not try: Adding to a risotto with peas, finish with Parmesan and fresh parsley. Responsibly sourcing our seafood is important to us, which is why Tesco fish experts work with responsibly managed farms and fisheries to continually improve their high standards of quality, welfare and sustainability."],
        "averageSellingUnitWeight": 0.2,
        "unitQuantity": "KG",
        "contentsQuantity": 150,
        "department": "Chilled Fish & Seafood",
        "price": 3.75,
        "unitPrice": 25.0
      },
      {
        "id": "b85dd74b-4f31-4493-9a46-e692d706514a",
        "superDepartment": "Food Cupboard",
        "contentsMeasureType": "G",
        "name": "Kelloggs All Bran Cereal 500G",
        "unitsOfSale": 1,
        "averageSellingUnitWeight": 0.466,
        "description": ["High-fibre wheat bran cereal", "Have a look at our websites for lots of tasty recipes", "Visit our website for delicious recipes & information www.allbran.co.uk", "Enjoy as part of a varied and balanced diet and a healthy lifestyle."],
        "unitQuantity": "100G",
        "contentsQuantity": 500,
        "department": "Cereals",
        "price": 2.4,
        "unitPrice": 0.48
      },
      {
        "id": "7596e4bb-76da-4822-ba40-d4f8238c6b02",
        "superDepartment": "Food Cupboard",
        "contentsMeasureType": "G",
        "name": "Everyday Value Tomato Ketchup 550G",
        "unitsOfSale": 1,
        "averageSellingUnitWeight": 0.599,
        "description": ["Tomato ketchup.", "Tasted and approved by customers"],
        "unitQuantity": "100G",
        "contentsQuantity": 550,
        "department": "Table Sauces, Marinades & Dressings",
        "price": 0.42,
        "unitPrice": 0.076
      },

      {
        "id": "7b4adf2b-084d-4844-bce6-e0c3a2bcc93a",
        "superDepartment": "Food Cupboard",
        "contentsMeasureType": "G",
        "name": "Napolina Fusilli Pasta 500G",
        "unitsOfSale": 1,
        "description": ["Fusilli"],
        "averageSellingUnitWeight": 0.54,
        "unitQuantity": "KG",
        "contentsQuantity": 500,
        "department": "Dried Pasta, Rice, Noodles & Cous Cous",
        "price": 0.64,
        "unitPrice": 1.28
      },
      {
        "id": "1f8f1c8f-814b-403f-8cf6-c53ad5694e7b",
        "superDepartment": "Food Cupboard",
        "contentsMeasureType": "G",
        "name": "Galaxy Chocolate Multipack 4 X42g",
        "unitsOfSale": 1,
        "averageSellingUnitWeight": 0.203,
        "description": ["Milk chocolate"],
        "unitQuantity": "100G",
        "contentsQuantity": 168,
        "department": "Chocolate",
        "price": 1.5,
        "unitPrice": 0.893
      },
      {
        "id": "60592b2c-518a-47d4-b101-01b8ac896973",
        "superDepartment": "Food Cupboard",
        "contentsMeasureType": "G",
        "name": "Haribo Jelly Babies 180G",
        "unitsOfSale": 1,
        "description": ["Fruit Flavour Gums", "Visit our website www.haribo.com"],
        "averageSellingUnitWeight": 0.216,
        "unitQuantity": "100G",
        "contentsQuantity": 180,
        "department": "Sweets, Mints & Chewing Gum",
        "price": 1.0,
        "unitPrice": 0.556
      },
      {
        "id": "388b76ca-44fa-4218-9e39-218cea676e64",
        "superDepartment": "Food Cupboard",
        "contentsMeasureType": "G",
        "name": "Metcalfes Skinny Cinema Sweet Popcorn 70 G",
        "unitsOfSale": 1,
        "description": ["Cinema sweet style popped corn with sugar and sweeteners.", "Tweet me before you eat me", "#popitlikeitsmetcalfes"],
        "averageSellingUnitWeight": 0.076,
        "unitQuantity": "100G",
        "contentsQuantity": 75,
        "department": "Crisps, Snacks & Popcorn",
        "price": 1.6,
        "unitPrice": 2.14
      }
   ]
